article_id,url,title,description
20250425142351394,https://dantri.com.vn/phap-luat/vu-duong-day-thuoc-gia-o-thanh-hoa-phat-hien-nhieu-cua-hieu-ban-thuoc-gia-20250425142351394.htm,Vụ đường dây thuốc giả ở Thanh Hóa: Phát hiện nhiều cửa hiệu bán thuốc giả,"Quá trình điều tra, công an phát hiện một số hiệu thuốc trên địa bàn tỉnh Thanh Hóa bán thuốc giả trong đường dây sản xuất, buôn bán thuốc giả vừa bị triệt phá."
20250508130119040,https://dantri.com.vn/suc-khoe/lam-sao-de-nhan-dien-thuoc-gia-20250508130119040.htm,Làm sao để nhận diện thuốc giả?,"Ngoài nỗ lực xử lý của cơ quan chức năng, người bệnh cần trang bị kiến thức để tự bảo vệ mình trước tình trạng thuốc giả lẫn lộn trên thị trường."
20250418133004602,https://dantri.com.vn/tam-diem/ngan-chan-thuoc-gia-nhu-the-nao-20250418133004602.htm,Ngăn chặn thuốc giả như thế nào?,"Việt Nam đã kiểm soát khá tốt chất lượng thuốc, song tình trạng thuốc giả vẫn còn, chủ yếu tập trung ở các thị trường ngách."
20250520174202169,https://dantri.com.vn/xa-hoi/thuoc-gia-bac-si-gia-chi-con-toi-chet-la-that-20250520174202169.htm,"""Thuốc giả, bác sĩ giả, chỉ con tôi chết là thật""","Dẫn tiểu phẩm có nội dung ""thuốc giả, bác sĩ giả chỉ con tôi chết là thật"", đại biểu Nguyễn Hải Trung cho rằng trong nhóm hành vi hàng giả thì việc sản xuất thuốc giả phải có mức phạt cao nhất."
20250523144703453,https://dantri.com.vn/suc-khoe/bo-y-te-truy-nguon-goc-thuoc-gia-nexium-40mg-20250523144703453.htm,Bộ Y tế truy nguồn gốc thuốc giả NEXIUM® 40mg,"Cục Quản lý Dược (Bộ Y tế) vừa có công văn gửi sở y tế các tỉnh, thành về việc kiểm tra, xử lý, truy tìm nguồn gốc thuốc giả NEXIUM® 40mg."
20250519113123013,https://dantri.com.vn/suc-khoe/thuoc-gia-co-the-giet-nguoi-bac-si-cung-la-nan-nhan-20250519113123013.htm,"Thuốc giả có thể giết người, bác sĩ cũng là nạn nhân","""Thấy một người bên cạnh mình mua phải thuốc giả, đừng thờ ơ, vì ai cũng có thể thành nạn nhân của thuốc giả, trong đó có cả bác sĩ"", TS.BS Dương Đức Hùng, Giám đốc Bệnh viện Việt Đức chia sẻ."
20250527133145830,https://dantri.com.vn/xa-hoi/nhieu-dbqh-de-nghi-giu-nguyen-an-tu-toi-san-xuat-buon-ban-thuoc-gia-20250527133145830.htm,"Nhiều ĐBQH đề nghị giữ nguyên án tử tội sản xuất, buôn bán thuốc giả","Nhìn nhận việc hạn chế án tử hình là một bước tiến lớn, song theo nhiều đại biểu Quốc hội, hành vi sản xuất, buôn bán thuốc giả ""không khác gì giết người"" nên phải nghiêm trị, giữ nguyên án tử."
180106,https://dantri.com.vn/video/canh-sat-kham-xet-thu-giu-hang-tan-thuoc-gia-180106.htm,"Cảnh sát khám xét, thu giữ hàng tấn thuốc giả","Khám xét các cơ sở sản xuất của nhóm đối tượng, cảnh sát phát hiện và thu giữ 21 loại thuốc giả và nhiều nguyên vật liệu không rõ nguồn gốc với tổng khối lượng lên tới gần 10 tấn."
20250421091812170,https://dantri.com.vn/suc-khoe/bo-y-te-huong-dan-cach-tranh-mua-phai-thuoc-gia-20250421091812170.htm,Bộ Y tế hướng dẫn cách tránh mua phải thuốc giả,"21 loại thuốc giả với hàng trăm nghìn sản phẩm đã được tung ra thị trường trong nhiều năm qua. Các sản phẩm này chủ yếu xuất hiện ở hệ thống bán lẻ, không lọt vào các bệnh viện công."
20250417153912820,https://dantri.com.vn/suc-khoe/bo-y-te-thuoc-gia-chua-vao-he-thong-benh-vien-20250417153912820.htm,Bộ Y tế: Thuốc giả chưa vào hệ thống bệnh viện,"Chiều 17/4, Cục Quản lý Dược (Bộ Y tế) cho biết, báo cáo nhanh của Sở Y tế Thanh Hóa về vụ thuốc giả, bước đầu chưa phát hiện các sản phẩm trên tại các cơ sở khám chữa bệnh."
20250512132030238,https://dantri.com.vn/phap-luat/bang-nhom-san-xuat-thuoc-gia-linh-an-20250512132030238.htm,Băng nhóm sản xuất thuốc giả lĩnh án,"Quách Ngọc Giao và đồng phạm mua nguyên liệu trôi nổi, sau đó in bao bì, hướng dẫn sử dụng các loại thuốc rồi đóng gói bán ra thị trường."
20250510132815508,https://dantri.com.vn/xa-hoi/khong-co-quy-chuan-se-rat-kho-kiem-soat-sua-gia-thuoc-gia-20250510132815508.htm,"""Không có quy chuẩn sẽ rất khó kiểm soát sữa giả, thuốc giả""","Đại biểu Quốc hội muốn bỏ công bố hợp quy để giảm gánh nặng cho doanh nghiệp, song Phó Thủ tướng cho rằng nếu không có sẽ rất khó quản lý, nhất là với những vụ như sữa giả, thuốc giả vừa qua."
20250417073448551,https://dantri.com.vn/phap-luat/danh-sach-ten-hang-van-hop-thuoc-gia-duoc-ban-khap-thi-truong-20250417073448551.htm,Danh sách tên hàng vạn hộp thuốc giả được bán khắp thị trường,"Chỉ trong vòng 4 năm, Nguyễn Tiến Đạt và đồng bọn đã sản xuất, tự đặt tên số lượng lớn thuốc giả rồi tuồn ra khắp các tỉnh, thành trên toàn quốc, thu lời bất chính gần 200 tỷ đồng."
20250425180138094,https://dantri.com.vn/kinh-doanh/thuoc-gia-tran-lan-thi-truong-sep-chuoi-nha-thuoc-long-chau-noi-gi-20250425180138094.htm,"Thuốc giả tràn lan thị trường, sếp chuỗi nhà thuốc Long Châu nói gì?","Chủ tịch công ty quản lý chuỗi nhà thuốc Long Châu nói thuốc giả là đáng lên án. Long Châu áp dụng nhiều biện pháp để kiểm soát, tuyệt đối nói ""không"" với các sản phẩm giả."
20250426151926615,https://dantri.com.vn/phap-luat/vu-triet-pha-duong-day-thuoc-gia-khung-bo-cong-an-gui-thu-khen-20250426151926615.htm,"Vụ triệt phá đường dây thuốc giả ""khủng"": Bộ Công an gửi thư khen","Trung tướng Nguyễn Văn Long, Thứ trưởng Bộ Công an, vừa có thư khen Công an tỉnh Thanh Hóa về thành tích đấu tranh, triệt phá thành công đường dây sản xuất, buôn bán thuốc giả với quy mô lớn."
20250421142603012,https://dantri.com.vn/phap-luat/vu-duong-day-thuoc-gia-mot-doi-tuong-tung-bi-phat-95-trieu-dong-20250421142603012.htm,Vụ đường dây thuốc giả: Một đối tượng từng bị phạt 95 triệu đồng,"Trong số 14 bị can bị khởi tố liên quan đến đường dây sản xuất, buôn bán thuốc giả, có đối tượng Dương Thị Oanh, ở thành phố Thanh Hóa từng bị xử phạt vì kinh doanh thực phẩm không rõ nguồn gốc."
20250421205513007,https://dantri.com.vn/xa-hoi/pho-thu-tuong-vu-sua-gia-thuoc-gia-nghiem-trong-va-gay-buc-xuc-20250421205513007.htm,"Phó Thủ tướng: ""Vụ sữa giả, thuốc giả nghiêm trọng và gây bức xúc""","Theo Phó Thủ tướng Bùi Thanh Sơn, vụ sữa giả tại Hà Nội, thuốc giả tại Thanh Hóa, hay sản xuất cà phê bột giả, sử dụng chất cấm trong sản xuất giá đỗ tại Đắk Lắk… là vụ việc nghiêm trọng, gây bức xúc."
20250417101410619,https://dantri.com.vn/phap-luat/hanh-trinh-tu-xuong-den-nguoi-benh-cua-nhung-vien-thuoc-gia-hang-xach-tay-20250417101410619.htm,"Hành trình từ xưởng đến người bệnh của những viên thuốc giả ""hàng xách tay""","Các đối tượng trong đường dây buôn bán thuốc giả nhắm đến những khách hàng là người cao tuổi, thiếu hiểu biết. Ngoài ra, chúng còn cung cấp thuốc cho các dược sĩ kinh doanh tự do tại các chợ thuốc."
20250514102154972,https://dantri.com.vn/xa-hoi/tran-lan-sua-gia-va-thuoc-gia-thu-tuong-noi-co-buong-long-phai-kiem-diem-20250514102154972.htm,"Tràn lan sữa giả và thuốc giả, Thủ tướng nói có buông lỏng, phải kiểm điểm","Nhắc đến nhiều vụ án nghiêm trọng liên quan sữa giả, thuốc giả, thực phẩm chức năng giả, Thủ tướng thẳng thắn cho rằng có sự buông lỏng của một số cơ quan và một số địa phương liên quan."
20250417100217820,https://dantri.com.vn/suc-khoe/duong-day-thuoc-gia-gan-200-ty-phat-hien-nhieu-loai-chua-benh-xuong-khop-20250417100217820.htm,Đường dây thuốc giả gần 200 tỷ: Phát hiện nhiều loại chữa bệnh xương khớp,"Trong số 21 loại thuốc giả có nhiều loại quảng cáo tác dụng chữa bệnh về xương khớp, đau nhức. Chúng được gắn mác tên công ty có trụ sở ở nước ngoài, chủ yếu là tại Hồng Kông, Malaysia, Singapore…"
20250427074209617,https://dantri.com.vn/kinh-doanh/ty-phu-pham-nhat-vuong-xuat-chieu-sep-chuoi-long-chau-noi-ve-thuoc-gia-20250427074209617.htm,Tỷ phú Phạm Nhật Vượng xuất chiêu; sếp chuỗi Long Châu nói về thuốc giả,"Shark Hồng Anh rời TTC Land, tỷ phú Vượng, bầu Hiển nhận định về thị trường bất động sản, sếp chuỗi Long Châu nói về thuốc giả ... là những thông tin đáng chú ý tuần qua."
20250417185318644,https://dantri.com.vn/phap-luat/cong-an-kham-xet-thu-giu-hang-tan-nguyen-lieu-trong-duong-day-thuoc-gia-20250417185318644.htm,"Công an khám xét, thu giữ hàng tấn nguyên liệu trong đường dây thuốc giả","Khám xét 6 cơ sở sản xuất của nhóm đối tượng, Công an Thanh Hóa phát hiện và thu giữ 21 loại thuốc giả và nhiều nguyên vật liệu không rõ nguồn gốc, với tổng khối lượng lên tới gần 10 tấn."
20250418074749903,https://dantri.com.vn/suc-khoe/bac-si-thuoc-gia-la-bay-doc-dac-biet-doi-voi-tre-em-va-nguoi-gia-20250418074749903.htm,"Bác sĩ: Thuốc giả là bẫy độc, đặc biệt đối với trẻ em và người già","Chỉ trong vòng 4 năm, Nguyễn Tiến Đạt và đồng bọn đã sản xuất, tự đặt tên số lượng lớn thuốc giả rồi tuồn ra khắp các tỉnh, thành trên toàn quốc, thu lời bất chính gần 200 tỷ đồng."
20250506182442012,https://dantri.com.vn/xa-hoi/bo-y-te-da-lam-gi-khi-phat-hien-so-luong-lon-sua-gia-thuoc-gia-20250506182442012.htm,"Bộ Y tế đã làm gì khi phát hiện số lượng lớn sữa giả, thuốc giả?","Ngay sau khi Bộ Công an phát hiện số lượng lớn sữa giả, thuốc giả Bộ Y tế đã ban hành công văn 832 ngày 23/4 và phối hợp với các cơ quan có thẩm quyền tiến hành thu hồi 12 sản phẩm sữa bột giả."
20250418150602636,https://dantri.com.vn/ban-doc/hinh-phat-nao-danh-cho-nhom-nghi-pham-trong-duong-day-thuoc-gia-quy-mo-lon-20250418150602636.htm,Hình phạt nào dành cho nhóm nghi phạm trong đường dây thuốc giả quy mô lớn?,"Theo luật sư, với hành vi bị khởi tố, các đối tượng trong đường dây thuốc giả có thể đối mặt với khung hình phạt thấp nhất là 2 năm tù, và mức cao nhất là tù chung thân hoặc tử hình."
20250417184137983,https://dantri.com.vn/xa-hoi/thu-tuong-chi-dao-bo-cong-an-day-nhanh-dieu-tra-vu-sua-gia-thuoc-gia-20250417184137983.htm,"Thủ tướng chỉ đạo Bộ Công an đẩy nhanh điều tra vụ sữa giả, thuốc giả","Bộ Công an được Thủ tướng Phạm Minh Chính giao nhiệm vụ đẩy nhanh tiến độ điều tra và sớm đưa ra kết luận về vụ việc sản xuất, buôn bán sữa giả, thuốc giả, đưa các đối tượng vi phạm ra xét xử."
20250517113835760,https://dantri.com.vn/suc-khoe/thuoc-gia-thuc-pham-chuc-nang-gia-noi-lo-vun-vo-niem-tin-20250517113835760.htm,"Thuốc giả, thực phẩm chức năng giả: Nỗi lo ""vụn vỡ"" niềm tin","Đại diện nhiều chuỗi nhà thuốc bày tỏ, những vụ việc liên quan đến hàng giả, hàng nhái đã gây ra không ít khó khăn và thách thức cho họ, đặc biệt là việc duy trì niềm tin của khách hàng."
20250418083358953,https://dantri.com.vn/phap-luat/duong-day-thuoc-gia-khung-thanh-phan-toan-thuoc-giam-dau-20250418083358953.htm,"Đường dây thuốc giả ""khủng"": Thành phần toàn thuốc giảm đau","Cơ quan chức năng tỉnh Thanh Hóa xác định, trong thành phần thuốc đông y giả vừa bị thu giữ có chứa hàm lượng lớn thuốc giảm đau."
20250524195226721,https://dantri.com.vn/kinh-doanh/sua-thuoc-gia-dien-bien-rat-phuc-tap-thu-tuong-yeu-cau-xu-ly-ngay-20250524195226721.htm,"Sữa, thuốc giả diễn biến rất phức tạp, Thủ tướng yêu cầu xử lý ngay","Thủ tướng giao xử lý nghiêm các cán bộ, công chức, sĩ quan có biểu hiện suy thoái đạo đức, tham nhũng, tiêu cực, bảo kê, tiếp tay cho các đối tượng vi phạm pháp luật."
20250530074511284,https://dantri.com.vn/suc-khoe/phat-hien-7-loai-thuoc-gia-khong-ro-nguon-goc-tai-mot-nha-thuoc-o-ha-noi-20250530074511284.htm,"Phát hiện 7 loại thuốc giả, không rõ nguồn gốc tại một nhà thuốc ở Hà Nội","Cục Quản lý Dược vừa yêu cầu Sở Y tế TP Hà Nội phối hợp truy tìm nguồn gốc 7 lô sản phẩm không có thông tin về số Giấy đăng ký lưu hành, số Giấy phép nhập khẩu."
20250418180609392,https://dantri.com.vn/kinh-doanh/bo-cong-thuong-hoa-toc-yeu-cau-kiem-tra-sua-thuoc-gia-20250418180609392.htm,"Bộ Công Thương hỏa tốc yêu cầu kiểm tra sữa, thuốc giả","Bộ trưởng Công Thương yêu cầu UBND các tỉnh, thành và cơ quan liên quan tăng cường giám sát, kiểm tra, kiểm soát thị trường, đặc biệt đối với các sản phẩm sữa, thuốc, thực phẩm bảo vệ sức khỏe."
20250507121332442,https://dantri.com.vn/suc-khoe/bo-y-te-truy-nguyen-nhan-xay-ra-nhieu-vu-sua-thuoc-gia-20250507121332442.htm,"Bộ Y tế truy nguyên nhân xảy ra nhiều vụ sữa, thuốc giả","Liên quan đến vấn đề thuốc, thực phẩm chức năng giả, Thứ trưởng Bộ Y tế Đỗ Xuân Tuyên đặt câu hỏi: Tại sao Việt Nam đã có các văn bản quy phạm pháp luật mà vẫn xảy ra các vụ việc như vừa rồi?"
20250522105105804,https://dantri.com.vn/xa-hoi/truy-quet-sua-thuoc-gia-doan-thanh-tra-chua-den-hang-da-duoc-giau-sach-20250522105105804.htm,"Truy quét sữa, thuốc giả: Đoàn thanh tra chưa đến hàng đã được giấu sạch","Đại biểu Quốc hội nhận thấy rất khó bắt quả tang khi thanh tra có kế hoạch. Điển hình như đợt truy quét sữa giả, thực phẩm chức năng giả, lực lượng này đi đến đâu là hàng hóa đã được giấu hết."
20250423143825541,https://dantri.com.vn/phap-luat/manh-moi-he-lo-duong-day-san-xuat-thuoc-gia-quy-mo-lon-20250423143825541.htm,Manh mối hé lộ đường dây sản xuất thuốc giả quy mô lớn,"Từ thông tin ban đầu do Sở Y tế Thanh Hóa cung cấp, cơ quan công an đã lập chuyên án để đấu tranh, điều tra và triệt phá thành công đường dây sản xuất, buôn bán thuốc tân dược giả với quy mô lớn."
20250526190219326,https://dantri.com.vn/xa-hoi/co-nen-bo-an-tu-hinh-voi-toi-tham-o-nhan-hoi-lo-san-xuat-thuoc-gia-20250526190219326.htm,"Có nên bỏ án tử hình với tội tham ô, nhận hối lộ, sản xuất thuốc giả?","Theo chương trình nghị sự, sáng 27/5, Quốc hội sẽ thảo luận ở hội trường về dự án Luật sửa đổi, bổ sung một số điều của Bộ luật Hình sự."
20250416194952273,https://dantri.com.vn/phap-luat/duong-day-thuoc-gia-khung-hoat-dong-suot-4-nam-tuon-khap-thi-truong-20250416194952273.htm,"Đường dây thuốc giả ""khủng"" hoạt động suốt 4 năm, tuồn khắp thị trường","Công an tỉnh Thanh Hóa đã triệt phá đường dây chuyên làm giả thuốc chữa bệnh, bắt giữ 14 đối tượng. Chỉ trong vòng 4 năm, nhóm đối tượng này thu lời bất chính gần 200 tỷ đồng."
20250517103636455,https://dantri.com.vn/xa-hoi/hang-loat-vu-sua-gia-thuoc-gia-can-co-hang-rao-bao-ve-nguoi-tieu-dung-20250517103636455.htm,"Hàng loạt vụ sữa giả, thuốc giả: Cần có ""hàng rào"" bảo vệ người tiêu dùng","Cùng với ""hàng rào"" bảo vệ người tiêu dùng trước nạn sản xuất hàng giả, hàng kém chất lượng, đại biểu Quốc hội kiến nghị cần có chế tài xử phạt nghiêm khắc."
20250503065921734,https://dantri.com.vn/xa-hoi/thu-tuong-yeu-cau-bo-cong-an-dieu-tra-nhanh-vu-sua-gia-thuoc-gia-20250503065921734.htm,"Thủ tướng yêu cầu Bộ Công an điều tra nhanh vụ sữa giả, thuốc giả","Theo yêu cầu của lãnh đạo Chính phủ, Bộ Công an cần đẩy nhanh tiến độ điều tra và phối hợp với các cơ quan khẩn trương xử lý vi phạm liên quan việc sản xuất, buôn bán thuốc chữa bệnh giả, sữa giả."
20250501230107647,https://dantri.com.vn/kinh-doanh/vu-sua-gia-thuoc-gia-doanh-nghiep-da-cap-phai-ra-soat-toan-bo-san-pham-20250501230107647.htm,"Vụ sữa giả, thuốc giả: Doanh nghiệp đa cấp phải rà soát toàn bộ sản phẩm",Ủy ban Cạnh tranh Quốc gia yêu cầu các doanh nghiệp bán hàng đa cấp khẩn trương rà soát toàn bộ hồ sơ pháp lý của sản phẩm và hoạt động quảng cáo.
20250426143737492,https://dantri.com.vn/kinh-doanh/sua-gia-thuoc-gia-tran-lan-co-quan-chuc-nang-neu-ro-thu-doan-tinh-vi-20250426143737492.htm,"Sữa giả, thuốc giả tràn lan: Cơ quan chức năng nêu rõ thủ đoạn tinh vi","Lãnh đạo Cục Quản lý và Phát triển thị trường trong nước cho rằng nhóm đối tượng vi phạm sử dụng nhiều thủ đoạn phạm tội mới gây khó khăn trong việc kiểm soát, quản lý của cơ quan chức năng."
20250505103043167,https://dantri.com.vn/xa-hoi/vu-sua-gia-thuoc-gia-va-gia-do-ngam-hoa-chat-gay-buc-xuc-xa-hoi-20250505103043167.htm,"""Vụ sữa giả, thuốc giả và giá đỗ ngâm hóa chất gây bức xúc xã hội""","Đây là một trong những tồn tại, hạn chế được Chủ nhiệm Ủy ban Kinh tế và Tài chính của Quốc hội Phan Văn Mãi chỉ ra."
20250114163147960,https://dantri.com.vn/phap-luat/huy-dong-11-xe-tai-van-chuyen-luong-lon-thuoc-gia-o-tphcm-20250114163147960.htm,Huy động 11 xe tải vận chuyển lượng lớn thuốc giả ở TPHCM,"Do số lượng tang vật trong đường dây tân dược giả rất lớn, Công an TPHCM huy động 11 xe tải để vận chuyển về trụ sở, phục vụ công tác điều tra."
20250419110018857,https://dantri.com.vn/suc-khoe/bo-y-te-lien-quan-vu-sua-gia-va-thuoc-gia-xu-ly-nghiem-khong-co-vung-cam-20250419110018857.htm,"Bộ Y tế: Liên quan vụ sữa giả và thuốc giả, xử lý nghiêm, không có vùng cấm","""Bộ Y tế yêu cầu rà soát dùng sữa trong bệnh viện. Sử dụng từ khi nào, cho ai, nếu có vấn đề về sức khỏe liên quan dùng sữa, cơ sở y tế phải có trách nhiệm trong việc tham mưu, tư vấn cho người bệnh""."
20250604162355386,https://dantri.com.vn/suc-khoe/phat-hien-3-thuoc-y-hoc-co-truyen-gia-tai-tphcm-20250604162355386.htm,Phát hiện 3 thuốc y học cổ truyền giả tại TPHCM,"Cục Quản lý Y, Dược cổ truyền (Bộ Y tế) vừa có công văn thông báo về việc phát hiện 3 thuốc giả tại một cửa hàng thuốc y học cổ truyền trên địa bàn TPHCM."
20250418144926228,https://dantri.com.vn/phap-luat/thuoc-chua-benh-de-bua-bai-tren-nen-nha-phoi-ngoai-san-20250418144926228.htm,"Thuốc chữa bệnh để bừa bãi trên nền nhà, phơi ngoài sân","Nhiều nguyên liệu sản xuất thuốc giả bị các đối tượng để la liệt dưới sàn nhà, thậm chí, thuốc sau khi điều chế còn được phơi trực tiếp ngoài trời."
20250314131008488,https://dantri.com.vn/phap-luat/bang-nhom-tai-tphcm-san-xuat-hang-loat-thuoc-khang-sinh-bang-bot-nang-20250314131008488.htm,Băng nhóm tại TPHCM sản xuất hàng loạt thuốc kháng sinh bằng bột năng,"Nguyễn Xuân Cường cùng đồng phạm sử dụng bột năng sản xuất nhiều loại thuốc giả, trong đó có kháng sinh cho trẻ em, thu lợi 7,7 tỷ đồng."
20250225124250466,https://dantri.com.vn/phap-luat/bang-nhom-tai-tphcm-ho-bien-bot-nang-thanh-thuoc-chua-benh-20250225124250466.htm,"Băng nhóm tại TPHCM ""hô biến"" bột năng thành thuốc chữa bệnh","Bị cáo Nguyễn Xuân Cường cùng đồng phạm đã mua nguyên liệu, đặt in nhãn mác, bột năng... để sản xuất thuốc giả bán ra thị trường."
20250504123357815,https://dantri.com.vn/tam-diem/an-toan-thuc-pham-va-chuyen-mot-mam-com-5-nguoi-quan-ly-20250504123357815.htm,"An toàn thực phẩm và chuyện ""một mâm cơm 5 người quản lý""","Trước các vụ việc sữa giả, thuốc giả, thực phẩm chức năng giả… gần đây, nhiều người dân vừa thấy cay đắng, vừa căm giận vì đã tin vào những chiêu trò quảng cáo tinh vi."
20250513113535445,https://dantri.com.vn/suc-khoe/an-khang-trien-khai-he-thong-tra-cuu-du-lieu-thuoc-tren-website-20250513113535445.htm,An Khang triển khai hệ thống tra cứu dữ liệu thuốc trên website,"Trước thực trạng ngày càng có nhiều vụ thuốc giả, thực phẩm chức năng kém chất lượng bị phát hiện, An Khang đã có bước đi chiến lược nhằm bảo vệ người tiêu dùng và gia tăng sự minh bạch trong hoạt động kinh doanh dược phẩm."
20250529100538354,https://dantri.com.vn/suc-khoe/phat-hien-thuoc-gian-phe-quan-gia-hoat-chat-chinh-chi-dat-63-20250529100538354.htm,"Phát hiện thuốc giãn phế quản giả, hoạt chất chính chỉ đạt 6,3%","Cục Quản lý dược (Bộ Y tế) vừa thông báo phát hiện mẫu thuốc Theophylline Extended Release Tablets 200mg (Theophylin 200mg) không đạt yêu cầu về chất lượng. Định lượng Theophylin 200mg chỉ đạt 6,3%."
20250605150919041,https://dantri.com.vn/phap-luat/triet-pha-duong-day-san-xuat-buon-ban-thuoc-gia-truyen-gia-quy-mo-lon-20250605150919041.htm,"Triệt phá đường dây sản xuất, buôn bán thuốc gia truyền giả quy mô lớn","Công an tỉnh Thanh Hóa vừa triệt phá một vụ án liên quan đến hoạt động sản xuất, buôn bán thuốc gia truyền giả."
20250506003141172,https://dantri.com.vn/suc-khoe/tphcm-phat-hien-nha-thuoc-kinh-doanh-sua-gia-da-co-nguoi-mua-chua-20250506003141172.htm,TPHCM phát hiện nhà thuốc kinh doanh sữa giả: Đã có người mua chưa?,"Sở Y tế TPHCM cho biết, qua kiểm tra, khảo sát hơn 4.600 nhà thuốc trên địa bàn, cơ quan chức năng phát hiện một cơ sở kinh doanh sữa giả ở quận Bình Thạnh."
20250518013650236,https://dantri.com.vn/suc-khoe/tphcm-khan-cap-ra-soat-thuoc-thiet-bi-y-te-thuc-pham-chuc-nang-gia-20250518013650236.htm,"TPHCM khẩn cấp rà soát thuốc, thiết bị y tế, thực phẩm chức năng giả","Sở Y tế TPHCM yêu cầu rà soát thuốc, thiết bị y tế, thực phẩm chức năng giả nhằm kịp thời phát hiện và ngăn chặn các sản phẩm này lưu thông trên thị trường."
20250606135140401,https://dantri.com.vn/suc-khoe/tphcm-xac-minh-hang-nghin-san-pham-nghi-hang-gia-bi-vut-bo-20250606135140401.htm,TPHCM xác minh hàng nghìn sản phẩm nghi hàng giả bị vứt bỏ,"Người dân phát hiện hàng trăm hộp thuốc, TPCN còn nguyên vỏ, in tiếng nước ngoài bị đổ ở bãi đất trống Bình Chánh, TPHCM."
20250522173801099,https://dantri.com.vn/phap-luat/buon-ban-thuoc-la-gia-tren-mang-xa-hoi-20250522173801099.htm,Buôn bán thuốc lá giả trên mạng xã hội,"Công an tỉnh Nam Định vừa triệt phá đường dây buôn bán thuốc lá giả rao bán công khai trong các hội nhóm, nhà phân phối, đại lý khu vực miền Bắc trên Facebook với số lượng lớn."
20250426181111032,https://dantri.com.vn/phap-luat/nhom-doi-tuong-dung-hat-nem-gia-lam-thuoc-diet-co-ban-khap-ca-nuoc-20250426181111032.htm,"Nhóm đối tượng dùng hạt nêm giả làm thuốc diệt cỏ, bán khắp cả nước","Cảnh sát kinh tế Công an Quảng Ninh đã khởi tố ba đối tượng với cáo buộc sản xuất và buôn bán hơn 60.000 gói thuốc diệt cỏ giả, gây hậu quả nghiêm trọng đối với người tiêu dùng và ngành nông nghiệp."
20250424175948875,https://dantri.com.vn/xa-hoi/cu-tri-lo-lang-thuoc-sua-gia-lanh-dao-da-nang-chi-dao-kiem-tra-nong-20250424175948875.htm,"Cử tri lo lắng thuốc, sữa giả, lãnh đạo Đà Nẵng chỉ đạo kiểm tra ""nóng""","Trước lo lắng của cử tri về việc thuốc, sữa giả tràn lan trên thị trường, Phó Chủ tịch UBND thành phố Đà Nẵng đề nghị cơ quan chức năng phải kiểm tra ngay, không phải theo kế hoạch, quy trình."
20250513105500896,https://dantri.com.vn/suc-khoe/pharmacity-thu-hoi-4-san-pham-lien-quan-cong-ty-lam-hang-gia-20250513105500896.htm,Pharmacity thu hồi 4 sản phẩm liên quan công ty làm hàng giả,Hệ thống Nhà thuốc Pharmacity vừa phát đi thông cáo đã thu hồi toàn bộ các sản phẩm liên quan đến Công ty Herbitech và các công ty liên kết.
20250321202254339,https://dantri.com.vn/phap-luat/phat-tu-2-doi-tuong-san-xuat-buon-ban-hang-gia-20250321202254339.htm,"Phạt tù 2 đối tượng sản xuất, buôn bán hàng giả","Chủ cơ sở kinh doanh phân bón, thuốc bảo vệ thực vật ở Bạc Liêu móc nối mua thuốc bảo vệ thực vật giả nhãn hiệu và chất lượng của các công ty có tiếng ở Việt Nam."
20250423210429900,https://dantri.com.vn/phap-luat/nhan-vien-cong-ty-duoc-gia-chu-ky-11-chu-nha-thuoc-lay-16-ty-dong-o-tphcm-20250423210429900.htm,"Nhân viên công ty dược giả chữ ký 11 chủ nhà thuốc, lấy 1,6 tỷ đồng ở TPHCM","Nam nhân viên công ty dược chi nhánh TPHCM giả chữ ký của 11 chủ nhà thuốc để công ty xuất 48 hóa đơn với số tiền hơn 1,6 tỷ đồng rồi chiếm đoạt."
20250523151115446,https://dantri.com.vn/suc-khoe/hang-gia-trong-linh-vuc-y-te-co-su-moc-noi-voi-co-quan-chuc-nang-20250523151115446.htm,Hàng giả trong lĩnh vực y tế: Có sự móc nối với cơ quan chức năng,"Thời gian vừa qua, cơ quan công an liên tục phát hiện nhiều vụ sữa, thuốc, thực phẩm chức năng giả. Điều này khiến dư luận lo lắng và đặt ra câu hỏi về trách nhiệm quản lý."
20250520082313150,https://dantri.com.vn/xa-hoi/du-kien-bo-tu-hinh-voi-toi-tham-o-nhan-hoi-lo-20250520082313150.htm,"Dự kiến bỏ tử hình với tội tham ô, nhận hối lộ","Chính phủ đề xuất bỏ hình phạt tử hình tại 8 tội danh có khung hình phạt tử hình ở Bộ luật Hình sự hiện hành, trong đó có tội tham ô, nhận hối lộ, sản xuất và buôn bán hàng giả là thuốc chữa bệnh…"
20250504132420184,https://dantri.com.vn/suc-khoe/benh-vien-nha-thuoc-noi-gi-ve-viec-ban-thuoc-kiem-soat-dac-biet-20250504132420184.htm,"Bệnh viện, nhà thuốc nói gì về việc bán thuốc kiểm soát đặc biệt?","Các bệnh viện, nhà thuốc cho rằng việc bán thuốc kiểm soát đặc biệt bất chấp quy định sẽ gây hậu quả nghiêm trọng đến người dân. Cần có giải pháp để chặn việc biến thuốc kê toa thành thuốc bán tự do."
20250409135701155,https://dantri.com.vn/giai-tri/mc-lai-van-sam-keu-cuu-vi-bi-mao-danh-hinh-anh-20250409135701155.htm,"MC Lại Văn Sâm ""kêu cứu"" vì bị mạo danh hình ảnh","MC kỳ cựu của VTV cho biết, anh bị kẻ xấu dùng tài khoản giả để lừa đảo bán thuốc. Anh khẳng định rằng, từ trước đến nay không nhận quảng cáo cho bất kỳ nhãn hàng nào."
20250308180801308,https://dantri.com.vn/kinh-doanh/viet-nam-that-thu-hon-5000-ty-dongnam-vi-thuoc-la-lau-ngan-chan-ra-sao-20250308180801308.htm,"Việt Nam thất thu hơn 5.000 tỷ đồng/năm vì thuốc lá lậu, ngăn chặn ra sao?","Theo chuyên gia, để giảm tình trạng buôn lậu thuốc lá cần tăng cường hợp tác xuyên biên giới, đồng thời, Chính phủ cần áp dụng chính sách thuế hài hòa, tăng mức xử phạt."
20250103163019090,https://dantri.com.vn/phap-luat/gia-danh-pho-giam-doc-benh-vien-vao-tan-phong-benh-lua-tien-20250103163019090.htm,"Giả danh phó giám đốc bệnh viện, vào tận phòng bệnh lừa tiền","Một người đàn ông tự xưng là Phó giám đốc Bệnh viện đa khoa tỉnh Bình Định, vào phòng bệnh yêu cầu người nhà bệnh nhân đưa tiền để truyền máu, cho thuốc bổ."
20250228151441577,https://dantri.com.vn/giai-tri/cuon-sach-chua-lanh-cua-nu-van-si-han-quoc-dat-giai-nobel-van-chuong-2024-20250228151441577.htm,Cuốn sách chữa lành của nữ văn sĩ Hàn Quốc đạt giải Nobel văn chương 2024,"""Trắng"" giống như thuốc mỡ, như những miếng băng gạc che chắn cho viết thương của người đọc vừa vặn và đẹp đẽ."
20250227103639458,https://dantri.com.vn/giai-tri/tai-ban-tieu-thuyet-mua-he-nam-ay-ben-em-la-mai-mai-tri-an-cac-y-bac-si-20250227103639458.htm,"Tái bản tiểu thuyết ""Mùa hè năm ấy bên em là mãi mãi"": Tri ân các y bác sĩ","Nhân kỷ niệm Ngày Thầy thuốc Việt Nam 27/2, tác giả Hồ Điệp Thanh Thanh chính thức tái bản cuốn tiểu thuyết ""Mùa hè năm ấy bên em là mãi mãi"" nhằm tri ân đội ngũ y bác sĩ thời dịch Covid-19."
20250128151829538,https://dantri.com.vn/suc-khoe/co-nen-uong-thuoc-bo-thuoc-ha-sot-de-giam-dau-dau-do-ruou-20250128151829538.htm,"Có nên uống thuốc bổ, thuốc hạ sốt để giảm đau đầu do rượu?","Uống nước chanh để giải rượu, uống paracetamol để giảm đau đầu, gây nôn bằng mọi cách… là một sai lầm nhiều người thường mắc phải khi trót uống quá nhiều rượu bia."
20250125140954052,https://dantri.com.vn/giao-duc/chuyen-chua-ke-ve-hai-nu-sinh-san-xuat-thuoc-tri-rom-doat-giai-khoi-nghiep-20250125140954052.htm,Chuyện chưa kể về hai nữ sinh sản xuất thuốc trị rôm đoạt giải khởi nghiệp,"Hà Hương Trà, người Tày, và Mạc Phương Dung, người Sán Dìu, đang học lớp 11 Trường THPT Phủ Thông, Bắc Kạn đã giành giải ý tưởng khởi nghiệp toàn quốc với sản phẩm thuốc trị rôm từ thảo dược vườn nhà."
20250424172613131,https://dantri.com.vn/kinh-doanh/tphcm-chua-phat-hien-thay-sua-gia-20250424172613131.htm,TPHCM chưa phát hiện thấy sữa giả,"Sở Công Thương TPHCM cho biết chưa phát hiện sữa giả nhưng đã tăng cường kiểm tra, siết quản lý để ngăn chặn vi phạm, bảo vệ sức khỏe người tiêu dùng."
20250423061852631,https://dantri.com.vn/tam-diem/sua-gia-gia-chat-20250423061852631.htm,Sữa giả… giá chát,"Tội phạm sản xuất, kinh doanh hàng giả đang trở nên liều lĩnh và thách thức khi thuê quảng cáo rầm rộ khắp các nền tảng mạng xã hội, luồn lách vào một số địa chỉ được người dân tin cậy."
20250420003242516,https://dantri.com.vn/suc-khoe/bac-si-chi-ra-dieu-nguy-hiem-nhat-cua-sua-gia-20250420003242516.htm,Bác sĩ chỉ ra điều nguy hiểm nhất của sữa giả,"Theo các chuyên gia, điều nguy hiểm nhất của sữa giả là không gây ra các dấu hiệu cấp tính, dễ dàng ""đánh lừa"" về tình trạng sức khỏe của người dùng nếu mới sử dụng trong thời gian ngắn."
20250416114543739,https://dantri.com.vn/suc-khoe/nhung-vu-phat-hien-san-xuat-sua-gia-rung-dong-the-gioi-20250416114543739.htm,Những vụ phát hiện sản xuất sữa giả rúng động thế giới,"Trước vụ công an Việt Nam triệt phá đường dây sản xuất 573 loại sữa giả, nhiều quốc gia trên thế giới cũng từng chứng kiến những sự việc tương tự, với nhiều trường hợp nhập viện và tử vong."
20250415112015516,https://dantri.com.vn/suc-khoe/vu-gan-600-san-pham-sua-gia-bo-y-te-len-tieng-20250415112015516.htm,Vụ gần 600 sản phẩm sữa giả: Bộ Y tế lên tiếng,"Sáng 15/4, lãnh đạo Cục An toàn thực phẩm (Bộ Y tế) cho biết, với vụ sữa giả quy mô lớn vừa được phát hiện, đơn vị này đã và sẽ tiếp tục phối hợp với Bộ Công an về các vấn đề chuyên môn."
20250414201543007,https://dantri.com.vn/kinh-doanh/vu-phat-hien-573-nhan-hieu-sua-gia-bo-cong-thuong-len-tieng-20250414201543007.htm,Vụ phát hiện 573 nhãn hiệu sữa giả: Bộ Công Thương lên tiếng,"Liên quan đến vụ phát hiện 573 nhãn hiệu sữa giả cho trẻ em, thai phụ, lãnh đạo Cục Quản lý và Phát triển thị trường trong nước cho biết không thực hiện việc cấp phép và quản lý các sản phẩm."
20250418220021250,https://dantri.com.vn/suc-khoe/su-that-noi-khai-sinh-305-nhan-hieu-sua-gia-tai-hoa-binh-20250418220021250.htm,"Sự thật nơi ""khai sinh"" 305 nhãn hiệu sữa giả tại Hòa Bình","Trong số 573 nhãn hiệu sữa giả được các công ty bán ra thị trường, có 305 nhãn hiệu công bố tại Hòa Bình, nhưng chưa từng được lấy mẫu hậu kiểm. Chi nhánh công ty, thực tế lại là phòng khám phụ sản."
20250415124444360,https://dantri.com.vn/giai-tri/quyen-linh-len-tieng-khi-bi-reo-ten-vao-vu-573-nhan-hieu-sua-gia-20250415124444360.htm,"Quyền Linh lên tiếng khi bị ""réo tên"" vào vụ 573 nhãn hiệu sữa giả","Gần đây, MC Quyền Linh liên tục bị dân mạng nhắc tên, cho rằng anh quảng cáo sữa giả, sữa kém chất lượng."
20250417101837274,https://dantri.com.vn/suc-khoe/ton-thuong-noi-tang-ngo-doc-va-nhung-nguy-hai-khi-dung-sua-gia-20250417101837274.htm,"Tổn thương nội tạng, ngộ độc và những nguy hại khi dùng sữa giả","Theo bác sĩ dinh dưỡng Bệnh viện Đa khoa Quốc tế Nam Sài Gòn, sử dụng sữa giả khiến cơ thể thiếu hụt dưỡng chất cần thiết, có thể dẫn đến nhiều hệ lụy nghiêm trọng với sức khỏe."
20250418135743727,https://dantri.com.vn/suc-khoe/them-mot-benh-vien-thu-hoi-sua-cua-cong-ty-san-xuat-sua-gia-20250418135743727.htm,Thêm một bệnh viện thu hồi sữa của công ty sản xuất sữa giả,"Qua rà soát, Bệnh viện Đa khoa tỉnh Bắc Kạn phát hiện sữa Hapomil được cung ứng trong bệnh viện thuộc danh mục các sản phẩm sữa của một trong các công ty sản xuất sữa giả bị điều tra."
20250416194754111,https://dantri.com.vn/suc-khoe/me-tre-bang-hoang-mua-phai-sua-gia-tin-loi-tu-van-bui-tai-20250416194754111.htm,"Mẹ trẻ bàng hoàng mua phải sữa giả: Tin lời tư vấn ""bùi tai""","Tưởng chọn được loại sữa ""xịn"" cho con theo lời người bán, mẹ trẻ không ngờ lại rơi vào cảnh: Con trai vài tháng tuổi đã uống phải sữa giả. Cảm giác áy náy, lo sợ dằn vặt người mẹ mỗi ngày."
20250414071749888,https://dantri.com.vn/suc-khoe/5-cach-phan-biet-sua-gia-sua-that-20250414071749888.htm,5 cách phân biệt sữa giả - sữa thật,"Vỏ hộp y hệt, màu sắc giống nhau, giá rẻ hơn từ 10 đến 30%... sữa bột giả đang trà trộn ngày càng tinh vi, khiến nhiều cha mẹ ""sập bẫy""."
20250415112805213,https://dantri.com.vn/kinh-doanh/vu-573-nhan-hieu-sua-gia-mang-luoi-chan-ret-dieu-hanh-duong-day-san-xuat-20250415112805213.htm,Vụ 573 nhãn hiệu sữa giả: Mạng lưới chân rết điều hành đường dây sản xuất,"Vũ Mạnh Cường và Hoàng Mạnh Hà góp vốn thành lập, điều hành hệ sinh thái 9 công ty và mạng lưới phân phối để sản xuất sữa giả."
20250417210257947,https://dantri.com.vn/suc-khoe/nghen-dang-vi-coc-sua-dau-tien-sau-ca-mo-tim-cua-me-la-sua-gia-20250417210257947.htm,Nghẹn đắng vì cốc sữa đầu tiên sau ca mổ tim của mẹ là sữa giả,"""Mẹ mình mổ tim xong, về phòng vô trùng, cốc sữa đầu tiên được uống là sữa giả, đắng nghẹn. Mình day dứt khi mẹ xuất viện đã tặng hộp sữa này cho cô đồng hương, nhưng cô không qua khỏi sau ca mổ""."
20250421162509738,https://dantri.com.vn/suc-khoe/khan-cap-lap-doan-kiem-tra-305-ho-so-sua-gia-dang-ky-tai-hoa-binh-20250421162509738.htm,Khẩn cấp lập đoàn kiểm tra 305 hồ sơ sữa giả đăng ký tại Hòa Bình,"Sở Y tế Hòa Bình đã thành lập đoàn kiểm tra, sẽ làm rõ công tác quản lý nhà nước về lĩnh vực an toàn vệ sinh thực phẩm đối với chi nhánh 4 công ty sản xuất sữa giả được cơ quan công an công bố."
20250416222954028,https://dantri.com.vn/doi-song/ke-ho-nao-khien-gan-600-loai-sua-gia-tung-hoanh-thi-truong-suot-4-nam-20250416222954028.htm,Kẽ hở nào khiến gần 600 loại sữa giả tung hoành thị trường suốt 4 năm?,"Từ vụ gần 600 sản phẩm sữa giả bị phát hiện, luật sư Đặng Văn Cường cho rằng, cần kiểm soát chặt hơn công tác quản lý sản xuất sữa và hoạt động thanh tra, kiểm tra để tránh những ""cú lừa"" tương tự."
20250510110533824,https://dantri.com.vn/xa-hoi/ke-ho-de-gan-600-loai-sua-gia-cho-nguoi-gia-tre-em-tuon-ra-thi-truong-20250510110533824.htm,"Kẽ hở để gần 600 loại sữa giả cho người già, trẻ em tuồn ra thị trường","Đại biểu Quốc hội chỉ rõ những kẽ hở để một bộ phận doanh nghiệp gian dối đưa ra thị trường hàng hóa dưới chuẩn công bố, như vụ việc gần 600 nhãn sữa giả."
20250422163325921,https://dantri.com.vn/suc-khoe/so-y-te-hoa-binh-len-tieng-ve-quy-trinh-va-hoat-dong-hau-kiem-sua-gia-20250422163325921.htm,Sở Y tế Hòa Bình lên tiếng về quy trình và hoạt động hậu kiểm sữa giả,"Giám đốc Sở Y tế tỉnh Hòa Bình khẳng định, nếu phát hiện sai phạm trong vụ sữa giả xôn xao trên địa bàn, đơn vị sẽ xử lý nghiêm và công khai kết quả."
20250416083628131,https://dantri.com.vn/doi-song/vu-gan-600-san-pham-sua-gia-khoc-nghen-dau-xot-khi-phat-hien-con-da-uong-20250416083628131.htm,"Vụ gần 600 sản phẩm sữa giả: Khóc nghẹn, đau xót khi phát hiện con đã uống","Chị Trang lo lắng cho sức khỏe của con sau khi phát hiện loại sữa bé đang uống nằm trong danh sách gần 600 loại sữa giả do cơ quan chức năng công bố, dự định sẽ đưa con đi kiểm tra sức khỏe."
20250417121946653,https://dantri.com.vn/xa-hoi/tu-vu-gan-600-loai-sua-gia-phai-cham-dut-mot-mam-com-5-nguoi-quan-ly-20250417121946653.htm,"Từ vụ gần 600 loại sữa giả, phải chấm dứt ""một mâm cơm 5 người quản lý""","Về vệ sinh an toàn thực phẩm, nhất là sau vụ phát hiện gần 600 loại sữa giả, nguyên Phó Chủ tịch nước kiến nghị làm rõ trách nhiệm đơn vị quản lý, chấm dứt tình trạng ""một mâm cơm 5 người quản lý""."
20250415113307716,https://dantri.com.vn/giai-tri/btv-thu-ha-vtv-buc-xuc-khi-phat-hien-chong-uong-phai-sua-gia-sau-mo-nao-20250415113307716.htm,BTV Thu Hà VTV bức xúc khi phát hiện chồng uống phải sữa giả sau mổ não,"4 tháng sau ca phẫu thuật não đầy cam go của chồng, BTV Thu Hà VTV bàng hoàng phát hiện, những cốc sữa dinh dưỡng đầu tiên cô lựa chọn cho anh trong những ngày hồi phục tại bệnh viện lại là sữa giả."
20250424072311546,https://dantri.com.vn/suc-khoe/bo-y-te-de-nghi-thu-hoi-12-loai-sua-gia-20250424072311546.htm,Bộ Y tế đề nghị thu hồi 12 loại sữa giả,"Cục An toàn thực phẩm (Bộ Y tế) đề nghị thu hồi 12 loại thực phẩm, dinh dưỡng (dạng sữa bột) là hàng giả; khuyến cáo người dân không nên sử dụng 72 sản phẩm sữa đang tiếp tục điều tra."
20250417105817469,https://dantri.com.vn/suc-khoe/bac-si-dinh-duong-neu-dau-hieu-nghi-ngo-sua-gia-20250417105817469.htm,Bác sĩ dinh dưỡng nêu dấu hiệu nghi ngờ sữa giả,"Bác sĩ khẳng định, để đánh giá chất lượng sữa, người dân không thể chỉ dựa vào mẫu mã, hình ảnh hay lời quảng cáo, mà điều quan trọng nhất nằm ở thành phần dinh dưỡng có trong sản phẩm."
20250428190430167,https://dantri.com.vn/phap-luat/vu-573-nhan-hieu-sua-gia-chi-150000-usd-de-chay-an-20250428190430167.htm,"Vụ 573 nhãn hiệu sữa giả: Chi 150.000 USD để ""chạy án""","Quá trình điều tra vụ sản xuất buôn bán, tiêu thụ sữa bột giả, Bộ Công an phát hiện Phạm Gia Khải (nguyên Tổng Giám đốc Công ty cổ phần Dược phẩm Việt Nam) có hành vi môi giới hối lộ."
20250415091833026,https://dantri.com.vn/suc-khoe/sua-gia-co-the-gay-hau-qua-nghiem-trong-cho-suc-khoe-20250415091833026.htm,Sữa giả có thể gây hậu quả nghiêm trọng cho sức khỏe,"Hiệp hội Sữa Việt Nam vừa có công văn gửi Bộ Công an, Bộ Y tế, Bộ Công Thương, Bộ Nông nghiệp và Môi trường đề nghị tăng cường phòng chống hàng giả là sản phẩm sữa."
20250416155701361,https://dantri.com.vn/giai-tri/mc-quyen-linh-toi-hoan-toan-khong-lien-quan-vu-sua-gia-20250416155701361.htm,"MC Quyền Linh: ""Tôi hoàn toàn không liên quan vụ sữa giả""","Những ngày qua, MC Quyền Linh liên tục bị cộng đồng mạng ""réo tên"", cho rằng anh thiếu trách nhiệm khi tham gia quảng cáo các sản phẩm sữa kém chất lượng, gây ảnh hưởng đến người tiêu dùng."
20250415184523527,https://dantri.com.vn/suc-khoe/vu-gan-600-san-pham-sua-gia-trach-nhiem-thuoc-ve-ai-20250415184523527.htm,Vụ gần 600 sản phẩm sữa giả: Trách nhiệm thuộc về ai?,"573 nhãn hiệu sữa bột cho người bị tiểu đường, trẻ sinh non, thiếu tháng, phụ nữ có thai... bị Bộ Công an phát hiện có chất lượng đạt dưới 70% mức công bố. Vậy cơ quan chức năng nào chịu trách nhiệm?"
20250418134148933,https://dantri.com.vn/ban-doc/sua-gia-tung-hoanh-thi-truong-chi-xu-ly-thoi-la-chua-du-20250418134148933.htm,Sữa giả tung hoành thị trường: Chỉ xử lý thôi là chưa đủ!,"Theo luật sư, ngoài việc áp dụng các chế tài nghiêm khắc, cơ quan chức năng cần đưa sữa vào nhóm ngành kinh doanh có điều kiện để siết chặt quản lý mặt hàng này."
20250422203454402,https://dantri.com.vn/phap-luat/bo-cong-an-cong-bo-84-nhan-hieu-trong-duong-day-sua-gia-20250422203454402.htm,Bộ Công an công bố 84 nhãn hiệu trong đường dây sữa giả,"Trong 84 sản phẩm, Bộ Công an đã xác định được 12 nhãn hiệu sữa là hàng giả. 72 sản phẩm còn lại, cơ quan điều tra đang tiến hành xác minh."
20250415060339259,https://dantri.com.vn/tam-diem/sua-gia-cho-tre-sinh-non-thai-phu-sai-luat-trai-dao-ly-lam-nguoi-20250415060339259.htm,"Sữa giả cho trẻ sinh non, thai phụ: Sai luật, trái đạo lý làm người!","Lâu nay ""sữa cỏ"" tìm cách len lỏi vào thị trường, nhất là vùng nông thôn, với giá thành đắt đỏ không kém gì các loại sữa có thương hiệu lâu đời."
20250417100549456,https://dantri.com.vn/suc-khoe/chiet-khau-gap-3-ban-nhieu-thuong-vang-sua-gia-banh-truong-nho-long-tham-20250417100549456.htm,"Chiết khấu gấp 3, bán nhiều thưởng vàng: Sữa giả bành trướng nhờ lòng tham",Vụ triệt phá đường dây sữa bột giả trị giá gần 500 tỷ đồng khiến nhiều người bàng hoàng. Dư luận đặt câu hỏi lớn: Vì sao những hộp sữa này được tiêu thụ dễ dàng suốt 4 năm?
20250412142845230,https://dantri.com.vn/phap-luat/573-nhan-hieu-sua-gia-11-cong-ty-va-doanh-thu-gan-500-ty-dong-20250412142845230.htm,"573 nhãn hiệu sữa giả, 11 công ty và doanh thu gần 500 tỷ đồng","Theo cơ quan chức năng, Hà, Cường và đồng phạm đã thành lập 11 công ty để sản xuất, trực tiếp kinh doanh, phân phối tiêu thụ các sản phẩm sữa bột giả."
20250417163735553,https://dantri.com.vn/suc-khoe/benh-vien-108-thu-hoi-sua-hofumil-gold-plus-cua-cong-ty-san-xuat-sua-gia-20250417163735553.htm,Bệnh viện 108 thu hồi sữa Hofumil Gold Plus của công ty sản xuất sữa giả,"Chiều 17/4, Bệnh viện Trung ương Quân đội 108 (Hà Nội) thông tin về việc sản phẩm sữa Hofumil Gold Plus cho người bệnh được lưu hành tại bệnh viện."
20250415213729869,https://dantri.com.vn/giai-tri/doan-quoc-dam-mc-hoang-linh-im-lang-giua-on-ao-nghi-quang-cao-sua-gia-20250415213729869.htm,"Doãn Quốc Đam, MC Hoàng Linh im lặng giữa ồn ào nghi quảng cáo sữa giả","Khán giả phát hiện Doãn Quốc Đam, MC Hoàng Linh từng quảng cáo cho những sản phẩm sữa thuộc các nhãn hiệu vừa bị cơ quan chức năng bắt giữ, triệt phá. Giữa ồn ào dư luận, cả hai chưa phản hồi."
20250412225542136,https://dantri.com.vn/phap-luat/vu-573-nhan-hieu-sua-gia-cho-tre-em-thai-phu-thu-gan-27000-hop-sua-20250412225542136.htm,"Vụ 573 nhãn hiệu sữa giả cho trẻ em, thai phụ: Thu gần 27.000 hộp sữa","Quá trình tổ chức khám xét 19 địa điểm là nhà máy sản xuất, văn phòng làm việc của các đối tượng, cảnh sát thu giữ 84 loại sản phẩm sữa bột khác nhau với số lượng 26.740 lon."
20250417185220815,https://dantri.com.vn/suc-khoe/vu-sua-gia-71-nhan-hieu-cong-bo-tai-ha-noi-vi-sao-lot-hau-kiem-20250417185220815.htm,"Vụ sữa giả: 71 nhãn hiệu công bố tại Hà Nội, vì sao ""lọt"" hậu kiểm?","Dù đã thực hiện hậu kiểm, Chi cục An toàn Vệ sinh Thực phẩm Hà Nội cho biết các sản phẩm của Rance Pharma và Hacofood vẫn đạt các chỉ tiêu an toàn."
20250508070424652,https://dantri.com.vn/kinh-doanh/sau-vu-sua-gia-ha-noi-yeu-cau-lap-doan-kiem-tra-cac-co-so-san-xuat-sua-20250508070424652.htm,"Sau vụ sữa giả, Hà Nội yêu cầu lập đoàn kiểm tra các cơ sở sản xuất sữa","UBND TP Hà Nội yêu cầu Sở Công Thương chủ trì lập đoàn kiểm tra liên ngành kiểm tra các cơ sở sản xuất, buôn bán, kinh doanh thực phẩm chức năng, sữa, sản phẩm dinh dưỡng."
20250412083140982,https://dantri.com.vn/phap-luat/bo-cong-an-phat-hien-573-nhan-hieu-sua-gia-cho-nguoi-gia-tre-em-thai-phu-20250412083140982.htm,"Bộ Công an phát hiện 573 nhãn hiệu sữa giả cho người già, trẻ em, thai phụ","573 nhãn hiệu sữa bột dành cho người bị tiểu đường, suy thận, trẻ sinh non, thiếu tháng, phụ nữ có thai, bị Bộ Công an phát hiện có chất lượng đạt dưới 70% mức công bố."
20250412163901497,https://dantri.com.vn/kinh-doanh/hanh-tung-cua-2-cong-ty-tai-ha-noi-san-xuat-573-nhan-hieu-sua-gia-20250412163901497.htm,Hành tung của 2 công ty tại Hà Nội sản xuất 573 nhãn hiệu sữa giả,"Hai công ty này được đăng ký thành lập với vốn điều lệ ban đầu là 10 tỷ đồng. Chỉ trong thời gian ngắn, Công ty Rance Pharma tăng vốn lên 52 tỷ đồng."
20250415065141442,https://dantri.com.vn/suc-khoe/nhung-doc-to-tung-duoc-tim-thay-trong-sua-bot-gia-20250415065141442.htm,Những độc tố từng được tìm thấy trong sữa bột giả,"Melamine, chì, vi khuẩn Salmonella… là những thành phần từng được tìm thấy trong các vụ bê bối sữa giả quốc tế."
20250421140530862,https://dantri.com.vn/suc-khoe/bac-si-dinh-duong-nhieu-nguoi-ngay-tho-khi-chon-sua-cho-con-20250421140530862.htm,"Bác sĩ dinh dưỡng: Nhiều người ""ngây thơ"" khi chọn sữa cho con","Trong bối cảnh sữa giả tràn lan, sự thiếu hiểu biết của phụ huynh trong việc chọn sữa có thể phải trả giá bằng sức khỏe của chính con mình."
20250422222300076,https://dantri.com.vn/giai-tri/hoi-dien-anh-viet-nam-de-nghi-bo-cong-an-vao-cuoc-vu-on-ao-cua-quyen-linh-20250422222300076.htm,Hội Điện ảnh Việt Nam đề nghị Bộ Công an vào cuộc vụ ồn ào của Quyền Linh,"Ngày 22/4, Hội Điện ảnh Việt Nam đã có văn bản đề nghị Bộ Công an xem xét xử lý vụ Quyền Linh ""bị một số cá nhân cắt ghép quảng cáo sữa giả""."
20250420072150000,https://dantri.com.vn/kinh-doanh/dong-thai-moi-ve-viec-kinh-doanh-cua-vo-quang-hai-mc-quyen-linh-20250420072150000.htm,"Động thái mới về việc kinh doanh của vợ Quang Hải, MC Quyền Linh","Lộ diện công việc kinh doanh, quảng cáo của MC Quyền Linh; chiêu thức thành lập doanh nghiệp để sản xuất, phân phối sữa giả... là những thông tin đáng chú ý tuần qua."
20250425163047583,https://dantri.com.vn/suc-khoe/da-den-luc-nguoi-tieu-dung-can-quan-tam-den-do-tinh-khiet-cua-sua-bot-tre-em-20250425163047583.htm,Đã đến lúc người tiêu dùng cần quan tâm đến độ tinh khiết của sữa bột trẻ em,"Vụ sữa giả không chỉ cho thấy bức tranh của thị trường sữa, mà còn ảnh hưởng niềm tin của phụ huynh khi đã trót trao sức khỏe của con vào những lon sữa kém chất lượng thời gian qua."
20250420223612194,https://dantri.com.vn/suc-khoe/bi-quyet-giup-me-chon-sua-an-toan-chat-luong-cho-con-20250420223612194.htm,"Bí quyết giúp mẹ chọn sữa an toàn, chất lượng cho con","Sau thông tin phát hiện hàng trăm nhãn hiệu sữa giả đang lưu hành, nhiều mẹ có con nhỏ đã trở nên thận trọng hơn và chia sẻ nhau một số tiêu chí trong việc lựa chọn sản phẩm cung cấp dinh dưỡng cho con hàng ngày."
20250429090510269,https://dantri.com.vn/suc-khoe/hang-gia-do-bo-tu-giuong-benh-den-mam-com-20250429090510269.htm,Hàng giả đổ bộ từ giường bệnh đến mâm cơm,"Từ sữa cho người bị suy thận, đến chai dầu ăn, gói hạt nêm trong gian bếp... đều xuất hiện trong các đường dây sản xuất hàng giả vừa được cơ quan chức năng phát hiện trong một thời gian ngắn vừa qua."
179991,https://dantri.com.vn/video/gan-600-loai-sua-bi-lam-gia-179991.htm,Gần 600 loại sữa bị làm giả,"Bộ Công an vừa khởi tố 8 bị can trong đường dây làm giả gần 600 nhãn hiệu sữa cho người suy thận, tiểu đường, trẻ sinh non, thai phụ..."
20250222154824998,https://dantri.com.vn/lao-dong-viec-lam/nu-nhan-vien-bat-khoc-khi-phat-hien-bi-lua-dao-trong-chop-mat-20250222154824998.htm,Nữ nhân viên bật khóc khi phát hiện bị lừa đảo trong chớp mắt,"Với thao tác làm giả phiếu chuyển khoản khi mua trà sữa, nữ nhân viên 19 tuổi rơm rớm nước mắt khi biết bị lừa. Tuy số tiền không lớn, nhưng chừng ấy cũng bằng mấy ngày công của cô."
20250416181430011,https://dantri.com.vn/xa-hoi/lo-hong-quan-ly-va-phap-ly-trong-vu-hang-tram-nhan-hieu-sua-bot-gia-20250416181430011.htm,Lỗ hổng quản lý và pháp lý trong vụ hàng trăm nhãn hiệu sữa bột giả,"Nhắc đến vụ triệt phá đường dây sản xuất, tiêu thụ sữa bột giả với hàng trăm nhãn hiệu, bà Nguyễn Thanh Hải dẫn ý kiến cử tri rằng việc này không chỉ có lỗ hổng quản lý mà còn có lỗ hổng pháp lý."
20250415103509355,https://dantri.com.vn/giai-tri/dong-thai-cua-btv-quang-minh-van-hugo-giua-on-ao-quang-cao-sua-sai-su-that-20250415103509355.htm,"Động thái của BTV Quang Minh, Vân Hugo giữa ồn ào quảng cáo sữa sai sự thật","Trên trang cá nhân, BTV Quang Minh, MC Vân Hugo đều hạn chế tính năng bình luận trước làn sóng chỉ trích của khán giả."
20250425125618751,https://dantri.com.vn/kinh-doanh/ho-so-doanh-nghiep-san-xuat-thuc-pham-chuc-nang-gia-cho-tre-em-20250425125618751.htm,Hồ sơ doanh nghiệp sản xuất thực phẩm chức năng giả cho trẻ em,"Từ số vốn ban đầu là 2,2 tỷ đồng, Công ty TNHH Công nghệ Herbitech - đơn vị sản xuất thực phẩm chức năng giả cho trẻ em - đã tăng vốn liên tục lên 40 tỷ đồng."
20250513164657505,https://dantri.com.vn/phap-luat/bat-nguyen-cuc-truong-nguyen-thanh-phong-vu-100-tan-thuc-pham-chuc-nang-gia-20250513164657505.htm,Bắt nguyên Cục trưởng Nguyễn Thanh Phong vụ 100 tấn thực phẩm chức năng giả,"Ông Nguyễn Thanh Phong, nguyên Cục trưởng Cục An toàn thực phẩm Bộ Y tế, bị khởi tố cùng 4 người khác do có liên quan trong vụ thực phẩm chức năng giả của Công ty MegaPhaco, MediUSA."
20250502114540819,https://dantri.com.vn/suc-khoe/nham-lan-tai-hai-va-nhung-hiem-hoa-khi-su-dung-thuc-pham-chuc-nang-gia-20250502114540819.htm,Nhầm lẫn tai hại và những hiểm họa khi sử dụng thực phẩm chức năng giả,"Thực phẩm chức năng giả thường không đảm bảo thành phần hoạt chất như đã công bố, thậm chí có thể chứa các chất nguy hiểm."
20250522081801532,https://dantri.com.vn/suc-khoe/thuc-pham-chuc-nang-gia-bay-ngam-am-tham-dau-doc-suc-khoe-20250522081801532.htm,Thực phẩm chức năng giả: Bẫy ngầm âm thầm đầu độc sức khỏe,"Thời gian vừa qua, cơ quan chức năng liên tục phát hiện nhiều đường dây làm giả thực phẩm chức năng. Điều này khiến người tiêu dùng không khỏi hoang mang, vừa mất tiền vừa lo ảnh hưởng đến sức khỏe."
20250428194401676,https://dantri.com.vn/phap-luat/khoi-to-4-nguoi-trong-vu-san-xuat-thuc-pham-chuc-nang-gia-cho-tre-em-20250428194401676.htm,Khởi tố 4 người trong vụ sản xuất thực phẩm chức năng giả cho trẻ em,"Liên quan vụ án sản xuất thực phẩm chức năng giả dành cho trẻ em và sử dụng phiếu kết quả thử nghiệm giả mạo để đưa sản phẩm ra thị trường, Bộ Công an đã khởi tố 4 bị can."
20250425095802351,https://dantri.com.vn/phap-luat/bo-cong-an-phat-hien-thuc-pham-chuc-nang-gia-danh-cho-tre-em-20250425095802351.htm,Bộ Công an phát hiện thực phẩm chức năng giả dành cho trẻ em,"BABY SHARK và Medi Kid Calcium K2 là 2 sản phẩm Bộ Công an xác định là giả do Công ty TNHH công nghệ Herbitech (ở Hà Nội) sản xuất. Hàng trăm sản phẩm khác được quảng cáo nhập khẩu từ Pháp, Đức, Mỹ."
20250606162246130,https://dantri.com.vn/suc-khoe/loat-san-pham-thuc-pham-chuc-nang-bi-vut-bo-tai-tphcm-he-lo-thong-tin-gi-20250606162246130.htm,Loạt sản phẩm thực phẩm chức năng bị vứt bỏ tại TPHCM hé lộ thông tin gì?,"Nhiều vỏ hộp tại hiện trường in thông tin liên quan đến các doanh nghiệp từng bị phát hiện nằm trong đường dây sản xuất, buôn bán hàng trăm tấn thực phẩm chức năng giả vừa bị triệt phá vào tháng 5."
20250610211454097,https://dantri.com.vn/phap-luat/hai-cong-ty-duoc-lien-quan-hang-nghin-thuc-pham-chuc-nang-bi-do-o-tphcm-20250610211454097.htm,Hai công ty dược liên quan hàng nghìn thực phẩm chức năng bị đổ ở TPHCM,Công an TPHCM xác định số thực phẩm chức năng bị đổ ở khu đất tại huyện Bình Chánh do 2 công ty dược sản xuất. Số hàng hóa trên được xác định là hàng giả và đang được lực lượng chức năng xử lý.
20250516190302983,https://dantri.com.vn/phap-luat/cong-an-ha-noi-thu-giu-100-tan-thuc-pham-chuc-nang-thiet-bi-y-te-gia-20250516190302983.htm,"Công an Hà Nội thu giữ 100 tấn thực phẩm chức năng, thiết bị y tế giả","Sau khoảng 1 năm theo dõi, thu thập chứng cứ, Công an Hà Nội triệt phá ổ nhóm sản xuất thực phẩm chức năng, thiết bị y tế giả, thu giữ hơn 100 tấn hàng hóa giả."
20250403105530442,https://dantri.com.vn/phap-luat/cong-an-thanh-hoa-tim-bi-hai-mua-san-pham-giam-dau-xuong-khop-gia-20250403105530442.htm,Công an Thanh Hóa tìm bị hại mua sản phẩm giảm đau xương khớp giả,"Sản xuất và bán ra thị trường hàng nghìn lọ thực phẩm chức năng giảm đau xương khớp giả, Nguyễn Hữu Nam và Triệu Y Tám đã thu lợi bất chính hàng trăm triệu đồng."
20250425144215485,https://dantri.com.vn/suc-khoe/thuc-pham-bao-ve-suc-khoe-k2-la-gi-ma-duoc-cac-doi-tuong-lam-gia-20250425144215485.htm,Thực phẩm bảo vệ sức khỏe K2 là gì mà được các đối tượng làm giả?,"Vitamin K2 có trong các loại thực phẩm có nguồn gốc động vật, như gan bò và phô mai. Nó đóng vai trò quan trọng trong nhiều chức năng của cơ thể như quá trình đông máu, chuyển hóa canxi..."
20250522231038857,https://dantri.com.vn/suc-khoe/dj-ngan-98-den-so-an-toan-thuc-pham-tphcm-cung-cap-ho-so-san-pham-giam-can-20250522231038857.htm,DJ Ngân 98 đến Sở An toàn thực phẩm TPHCM cung cấp hồ sơ sản phẩm giảm cân,"Tại Sở An toàn thực phẩm TPHCM, DJ Ngân 98 đã cung cấp cho cơ quan chức năng hồ sơ pháp lý liên quan đến các sản phẩm giảm cân được quảng cáo thời gian qua."
20250502210008040,https://dantri.com.vn/xa-hoi/bo-truong-bao-cao-quoc-hoi-ve-loi-hua-quan-ly-my-pham-thuc-pham-chuc-nang-20250502210008040.htm,"Bộ trưởng báo cáo Quốc hội về lời hứa quản lý mỹ phẩm, thực phẩm chức năng","Theo Bộ Y tế, đơn vị này đã phối hợp chặt chẽ với các cơ quan để trao đổi, xác minh thông tin về mỹ phẩm phục vụ công tác điều tra, xử lý mỹ phẩm giả, không rõ nguồn gốc xuất xứ, không đạt chất lượng…"
20250408001411671,https://dantri.com.vn/kinh-doanh/vu-san-xuat-keo-rau-cu-kera-gia-he-lo-them-san-pham-asia-life-da-san-xuat-20250408001411671.htm,Vụ sản xuất kẹo rau củ Kera giả: Hé lộ thêm sản phẩm Asia Life đã sản xuất,"Ngoài kẹo rau củ Kera, Công ty cổ phần Asia Life đã sản xuất gia công nhiều thực phẩm chức năng khác. Trong đó, có sản phẩm với hình thức tương tự kẹo rau củ Kera đã bán ra thị trường."
20250206144250450,https://dantri.com.vn/xa-hoi/xac-minh-thong-tin-hang-nhap-lau-hang-gia-o-lang-nghe-banh-keo-la-phu-20250206144250450.htm,"Xác minh thông tin hàng nhập lậu, hàng giả ở làng nghề bánh kẹo La Phù","Lực lượng chức năng sẽ kiểm tra toàn bộ cơ sở kinh doanh bánh kẹo, thực phẩm ở xã La Phù, đồng thời làm rõ thông tin dư luận cho rằng có hành vi sản xuất, nhập lậu, hàng giả tại làng nghề này."
